Index,Semester,Math,Physics,Chemistry,Biology,English
0,Semester 1,64.37254901960785,66.44061302681992,65.7235494880546,64.76140350877193,65.1549815498155
1,Semester 2,65.68774703557312,63.189922480620154,64.66283524904215,64.87867647058823,63.13454545454545
2,Semester 3,64.06209150326798,65.18493150684931,65.70819672131148,63.46229508196721,66.77397260273973
3,Semester 4,66.45270270270271,64.31660231660231,64.79180887372014,64.77737226277372,64.30584192439862
4,Semester 5,63.550632911392405,65.17081850533808,64.90977443609023,66.07986111111111,65.06293706293707
5,Semester 6,63.884105960264904,65.67883211678833,66.32432432432432,66.67870036101083,64.55892255892256
6,Semester 7,62.31428571428572,63.877133105802045,64.94809688581314,67.38698630136986,65.98961937716263
7,Semester 8,65.01730103806229,63.24414715719063,64.29818181818182,66.8301282051282,64.20265780730897
